[{"model": "auth.permission", "pk": 1, "fields": {"name": "Can add log entry", "content_type": 1, "codename": "add_logentry"}}, {"model": "auth.permission", "pk": 2, "fields": {"name": "Can change log entry", "content_type": 1, "codename": "change_logentry"}}, {"model": "auth.permission", "pk": 3, "fields": {"name": "Can delete log entry", "content_type": 1, "codename": "delete_logentry"}}, {"model": "auth.permission", "pk": 4, "fields": {"name": "Can view log entry", "content_type": 1, "codename": "view_logentry"}}, {"model": "auth.permission", "pk": 5, "fields": {"name": "Can add permission", "content_type": 2, "codename": "add_permission"}}, {"model": "auth.permission", "pk": 6, "fields": {"name": "Can change permission", "content_type": 2, "codename": "change_permission"}}, {"model": "auth.permission", "pk": 7, "fields": {"name": "Can delete permission", "content_type": 2, "codename": "delete_permission"}}, {"model": "auth.permission", "pk": 8, "fields": {"name": "Can view permission", "content_type": 2, "codename": "view_permission"}}, {"model": "auth.permission", "pk": 9, "fields": {"name": "Can add group", "content_type": 3, "codename": "add_group"}}, {"model": "auth.permission", "pk": 10, "fields": {"name": "Can change group", "content_type": 3, "codename": "change_group"}}, {"model": "auth.permission", "pk": 11, "fields": {"name": "Can delete group", "content_type": 3, "codename": "delete_group"}}, {"model": "auth.permission", "pk": 12, "fields": {"name": "Can view group", "content_type": 3, "codename": "view_group"}}, {"model": "auth.permission", "pk": 13, "fields": {"name": "Can add content type", "content_type": 4, "codename": "add_contenttype"}}, {"model": "auth.permission", "pk": 14, "fields": {"name": "Can change content type", "content_type": 4, "codename": "change_contenttype"}}, {"model": "auth.permission", "pk": 15, "fields": {"name": "Can delete content type", "content_type": 4, "codename": "delete_contenttype"}}, {"model": "auth.permission", "pk": 16, "fields": {"name": "Can view content type", "content_type": 4, "codename": "view_contenttype"}}, {"model": "auth.permission", "pk": 17, "fields": {"name": "Can add session", "content_type": 5, "codename": "add_session"}}, {"model": "auth.permission", "pk": 18, "fields": {"name": "Can change session", "content_type": 5, "codename": "change_session"}}, {"model": "auth.permission", "pk": 19, "fields": {"name": "Can delete session", "content_type": 5, "codename": "delete_session"}}, {"model": "auth.permission", "pk": 20, "fields": {"name": "Can view session", "content_type": 5, "codename": "view_session"}}, {"model": "auth.permission", "pk": 21, "fields": {"name": "Can add product category", "content_type": 6, "codename": "add_productcategory"}}, {"model": "auth.permission", "pk": 22, "fields": {"name": "Can change product category", "content_type": 6, "codename": "change_productcategory"}}, {"model": "auth.permission", "pk": 23, "fields": {"name": "Can delete product category", "content_type": 6, "codename": "delete_productcategory"}}, {"model": "auth.permission", "pk": 24, "fields": {"name": "Can view product category", "content_type": 6, "codename": "view_productcategory"}}, {"model": "auth.permission", "pk": 25, "fields": {"name": "Can add product", "content_type": 7, "codename": "add_product"}}, {"model": "auth.permission", "pk": 26, "fields": {"name": "Can change product", "content_type": 7, "codename": "change_product"}}, {"model": "auth.permission", "pk": 27, "fields": {"name": "Can delete product", "content_type": 7, "codename": "delete_product"}}, {"model": "auth.permission", "pk": 28, "fields": {"name": "Can view product", "content_type": 7, "codename": "view_product"}}, {"model": "auth.permission", "pk": 29, "fields": {"name": "Can add user", "content_type": 8, "codename": "add_user"}}, {"model": "auth.permission", "pk": 30, "fields": {"name": "Can change user", "content_type": 8, "codename": "change_user"}}, {"model": "auth.permission", "pk": 31, "fields": {"name": "Can delete user", "content_type": 8, "codename": "delete_user"}}, {"model": "auth.permission", "pk": 32, "fields": {"name": "Can view user", "content_type": 8, "codename": "view_user"}}, {"model": "auth.permission", "pk": 33, "fields": {"name": "Can add user profile", "content_type": 9, "codename": "add_userprofile"}}, {"model": "auth.permission", "pk": 34, "fields": {"name": "Can change user profile", "content_type": 9, "codename": "change_userprofile"}}, {"model": "auth.permission", "pk": 35, "fields": {"name": "Can delete user profile", "content_type": 9, "codename": "delete_userprofile"}}, {"model": "auth.permission", "pk": 36, "fields": {"name": "Can view user profile", "content_type": 9, "codename": "view_userprofile"}}, {"model": "auth.permission", "pk": 37, "fields": {"name": "Can add basket", "content_type": 10, "codename": "add_basket"}}, {"model": "auth.permission", "pk": 38, "fields": {"name": "Can change basket", "content_type": 10, "codename": "change_basket"}}, {"model": "auth.permission", "pk": 39, "fields": {"name": "Can delete basket", "content_type": 10, "codename": "delete_basket"}}, {"model": "auth.permission", "pk": 40, "fields": {"name": "Can view basket", "content_type": 10, "codename": "view_basket"}}, {"model": "auth.permission", "pk": 41, "fields": {"name": "Can add association", "content_type": 11, "codename": "add_association"}}, {"model": "auth.permission", "pk": 42, "fields": {"name": "Can change association", "content_type": 11, "codename": "change_association"}}, {"model": "auth.permission", "pk": 43, "fields": {"name": "Can delete association", "content_type": 11, "codename": "delete_association"}}, {"model": "auth.permission", "pk": 44, "fields": {"name": "Can view association", "content_type": 11, "codename": "view_association"}}, {"model": "auth.permission", "pk": 45, "fields": {"name": "Can add code", "content_type": 12, "codename": "add_code"}}, {"model": "auth.permission", "pk": 46, "fields": {"name": "Can change code", "content_type": 12, "codename": "change_code"}}, {"model": "auth.permission", "pk": 47, "fields": {"name": "Can delete code", "content_type": 12, "codename": "delete_code"}}, {"model": "auth.permission", "pk": 48, "fields": {"name": "Can view code", "content_type": 12, "codename": "view_code"}}, {"model": "auth.permission", "pk": 49, "fields": {"name": "Can add nonce", "content_type": 13, "codename": "add_nonce"}}, {"model": "auth.permission", "pk": 50, "fields": {"name": "Can change nonce", "content_type": 13, "codename": "change_nonce"}}, {"model": "auth.permission", "pk": 51, "fields": {"name": "Can delete nonce", "content_type": 13, "codename": "delete_nonce"}}, {"model": "auth.permission", "pk": 52, "fields": {"name": "Can view nonce", "content_type": 13, "codename": "view_nonce"}}, {"model": "auth.permission", "pk": 53, "fields": {"name": "Can add user social auth", "content_type": 14, "codename": "add_usersocialauth"}}, {"model": "auth.permission", "pk": 54, "fields": {"name": "Can change user social auth", "content_type": 14, "codename": "change_usersocialauth"}}, {"model": "auth.permission", "pk": 55, "fields": {"name": "Can delete user social auth", "content_type": 14, "codename": "delete_usersocialauth"}}, {"model": "auth.permission", "pk": 56, "fields": {"name": "Can view user social auth", "content_type": 14, "codename": "view_usersocialauth"}}, {"model": "auth.permission", "pk": 57, "fields": {"name": "Can add partial", "content_type": 15, "codename": "add_partial"}}, {"model": "auth.permission", "pk": 58, "fields": {"name": "Can change partial", "content_type": 15, "codename": "change_partial"}}, {"model": "auth.permission", "pk": 59, "fields": {"name": "Can delete partial", "content_type": 15, "codename": "delete_partial"}}, {"model": "auth.permission", "pk": 60, "fields": {"name": "Can view partial", "content_type": 15, "codename": "view_partial"}}, {"model": "auth.permission", "pk": 61, "fields": {"name": "Can add заказ", "content_type": 16, "codename": "add_order"}}, {"model": "auth.permission", "pk": 62, "fields": {"name": "Can change заказ", "content_type": 16, "codename": "change_order"}}, {"model": "auth.permission", "pk": 63, "fields": {"name": "Can delete заказ", "content_type": 16, "codename": "delete_order"}}, {"model": "auth.permission", "pk": 64, "fields": {"name": "Can view заказ", "content_type": 16, "codename": "view_order"}}, {"model": "auth.permission", "pk": 65, "fields": {"name": "Can add order item", "content_type": 17, "codename": "add_orderitem"}}, {"model": "auth.permission", "pk": 66, "fields": {"name": "Can change order item", "content_type": 17, "codename": "change_orderitem"}}, {"model": "auth.permission", "pk": 67, "fields": {"name": "Can delete order item", "content_type": 17, "codename": "delete_orderitem"}}, {"model": "auth.permission", "pk": 68, "fields": {"name": "Can view order item", "content_type": 17, "codename": "view_orderitem"}}, {"model": "sessions.session", "pk": "1yjljjumnsunyfzkf4yfr8173c6aujrw", "fields": {"session_data": ".eJxVjMsOwiAQAP-FsyG0sjw8eu83EHbZStVAUtqT8d-VpAe9zkzmJULctxz2xmtYkriIQZx-GUZ6cOki3WO5VUm1bOuCsifysE1ONfHzerR_gxxb7lttlQUFYMiR8k57htFBMojkzKy9TTgTKzCJzzoyOf6qcQDPpFCzeH8AyRU4Fg:1nsTot:wxFt31fU1h_fsAsNA8UyNrDyNPkMTBN8hWJBsZ65fiw", "expire_date": "2022-06-04T18:27:19.885Z"}}, {"model": "mainapp.productcategory", "pk": 0, "fields": {"name": "Все", "description": ""}}, {"model": "mainapp.productcategory", "pk": 1, "fields": {"name": "Стулья", "description": "самые удобные стулья"}}, {"model": "mainapp.productcategory", "pk": 2, "fields": {"name": "диваны", "description": "отличные диван"}}, {"model": "mainapp.productcategory", "pk": 3, "fields": {"name": "Лампы", "description": "классные лампы"}}, {"model": "mainapp.product", "pk": 1, "fields": {"category": 1, "name": "Удобный стул", "description": "", "is_active": true, "image": "products_images/21f57a915ca1bea514d6206646179806_mVwLFUC.jpg", "short_desc": "", "price": "1979.56", "quantity": 210}}, {"model": "mainapp.product", "pk": 2, "fields": {"category": 1, "name": "Удобный диван", "description": "", "is_active": true, "image": "products_images/product-2.jpg", "short_desc": "", "price": "1999.00", "quantity": 52}}, {"model": "mainapp.product", "pk": 4, "fields": {"category": 1, "name": "Стул Фибаначи", "description": "клевый стульчик", "is_active": true, "image": "products_images/slider1.jpg", "short_desc": "", "price": "18999.00", "quantity": 22}}, {"model": "mainapp.product", "pk": 5, "fields": {"category": 1, "name": "диван 3", "description": "", "is_active": true, "image": "products_images/product-4.jpg", "short_desc": "", "price": "3999.00", "quantity": 33}}, {"model": "mainapp.product", "pk": 6, "fields": {"category": 1, "name": "Стул беленький", "description": "очень классный прям вообще класс", "is_active": true, "image": "products_images/product-21.jpg", "short_desc": "", "price": "5000.00", "quantity": 83}}, {"model": "mainapp.product", "pk": 8, "fields": {"category": 3, "name": "Ferrid-13", "description": "", "is_active": true, "image": "products_images/product-31_XCDaUmA.jpg", "short_desc": "", "price": "1999.00", "quantity": 24}}, {"model": "mainapp.product", "pk": 10, "fields": {"category": 2, "name": "seses", "description": "", "is_active": true, "image": "products_images/product-3-sm_ZM5JUa4.jpg", "short_desc": "", "price": "1000.00", "quantity": 15}}, {"model": "mainapp.product", "pk": 11, "fields": {"category": 2, "name": "De Gger", "description": "", "is_active": true, "image": "products_images/slider.jpg", "short_desc": "", "price": "12673.00", "quantity": 117}}, {"model": "mainapp.product", "pk": 13, "fields": {"category": 1, "name": "КСРПмм", "description": "Lorem ipsum dolor sit amet consectetur adipisicing elit. Molestias aspernatur pariatur distinctio ullam porro enim quam dignissimos repellendus explicabo minus. Nobis ipsam temporibus soluta quos illum et placeat saepe voluptatem.\r\nLorem ipsum dolor sit amet consectetur adipisicing elit. Molestias aspernatur pariatur distinctio ullam porro enim quam dignissimos repellendus explicabo minus. Nobis ipsam temporibus soluta quos illum et placeat saepe voluptatem.\r\nLorem ipsum dolor sit amet consectetur adipisicing elit. Molestias aspernatur pariatur distinctio ullam porro enim quam dignissimos repellendus explicabo minus. Nobis ipsam temporibus soluta quos illum et placeat saepe voluptatem.", "is_active": true, "image": "products_images/comfy-wing-chair-in-the-carpenter-s-workshop.jpg", "short_desc": "Lorem ipsum dolor sit amet consectetur adipisicing elit. Mol", "price": "100000.00", "quantity": 0}}, {"model": "mainapp.product", "pk": 15, "fields": {"category": 3, "name": "FFas-11", "description": "", "is_active": true, "image": "products_images/product-11.jpg", "short_desc": "", "price": "0.00", "quantity": 2}}, {"model": "mainapp.product", "pk": 16, "fields": {"category": 3, "name": "Лампа обычная", "description": "капртпиампиртима типмапирипмпир ипмипрпм итимиртм ипрмпирт мип мипрпмапи", "is_active": true, "image": "products_images/product-41.jpg", "short_desc": "клевый", "price": "0.00", "quantity": 10}}, {"model": "mainapp.product", "pk": 17, "fields": {"category": 3, "name": "Лампа черная", "description": "уоацшумк шпку ркшпкмш шпшпшкшпрш пеупшкпшукшкпу пккпцукщшпркшупр шпкушпукшпшуп", "is_active": true, "image": "products_images/product-5-sm_TvWRFZ8.jpg", "short_desc": "", "price": "0.00", "quantity": 25}}, {"model": "mainapp.product", "pk": 18, "fields": {"category": 3, "name": "Лампа алладина", "description": "", "is_active": true, "image": "products_images/product-1.jpg", "short_desc": "", "price": "1000.00", "quantity": 20}}, {"model": "mainapp.product", "pk": 19, "fields": {"category": 0, "name": "хрень", "description": "", "is_active": true, "image": "products_images/product-2-sm.jpg", "short_desc": "", "price": "0.00", "quantity": 1000000035}}, {"model": "mainapp.product", "pk": 20, "fields": {"category": 1, "name": "Стульчик - столик", "description": "Lorem ipsum dolor sit amet consectetur adipisicing elit. Molestias aspernatur pariatur distinctio ullam porro enim quam dignissimos repellendus explicabo minus. Nobis ipsam temporibus soluta quos illum et placeat saepe voluptatem.\r\nLorem ipsum dolor sit amet consectetur adipisicing elit. Molestias aspernatur pariatur distinctio ullam porro enim quam dignissimos repellendus explicabo minus. Nobis ipsam temporibus soluta quos illum et placeat saepe voluptatem.", "is_active": true, "image": "products_images/elegant-comfortable-chair.jpg", "short_desc": "Lorem ipsum dolor sit amet consectetur adipisicing elit. Mol", "price": "0.00", "quantity": 16}}, {"model": "mainapp.product", "pk": 21, "fields": {"category": 1, "name": "стуалет", "description": "стул в который можно срать", "is_active": true, "image": "products_images/product-61.jpg", "short_desc": "стул в который можно срать", "price": "100000.00", "quantity": 7}}, {"model": "mainapp.product", "pk": 22, "fields": {"category": 0, "name": "Часы", "description": "Lorem ipsum dolor sit amet consectetur adipisicing elit. Nemo eos quam perferendis hic, consectetur dolorem ullam iure consequuntur quo possimus accusamus deleniti delectus atque totam corporis nihil, id impedit? Ipsa!Lorem ipsum dolor sit amet consectetur adipisicing elit. Nemo eos quam perferendis hic, consectetur dolorem ullam iure consequuntur quo possimus accusamus deleniti delectus atque totam corporis nihil, id impedit? Ipsa!Lorem ipsum dolor sit amet consectetur adipisicing elit. Nemo eos quam perferendis hic, consectetur dolorem ullam iure consequuntur quo possimus accusamus deleniti delectus atque totam corporis nihil, id impedit? Ipsa!", "is_active": true, "image": "products_images/product-4-sm.jpg", "short_desc": "Lorem ipsum dolor sit amet consectetur adipisicing elit. Nem", "price": "10000.00", "quantity": 31}}, {"model": "mainapp.product", "pk": 23, "fields": {"category": 0, "name": "Чайник", "description": "Lorem ipsum dolor sit amet consectetur adipisicing elit. Nemo eos quam perferendis hic, consectetur dolorem ullam iure consequuntur quo possimus accusamus deleniti delectus atque totam corporis nihil, id impedit? Ipsa!Lorem ipsum dolor sit amet consectetur adipisicing elit. Nemo eos quam perferendis hic, consectetur dolorem ullam iure consequuntur quo possimus accusamus deleniti delectus atque totam corporis nihil, id impedit? Ipsa!", "is_active": true, "image": "products_images/product-3.jpg", "short_desc": "Lorem ipsum dolor", "price": "1000.00", "quantity": 33}}, {"model": "mainapp.product", "pk": 24, "fields": {"category": 0, "name": "Фигня какая-та", "description": "Lorem ipsum dolor sit amet consectetur adipisicing elit. Nemo eos quam perferendis hic, consectetur dolorem ullam iure consequuntur quo possimus accusamus deleniti delectus atque totam corporis nihil, id impedit? Ipsa!Lorem ipsum dolor sit amet consectetur adipisicing elit. Nemo eos quam perferendis hic, consectetur dolorem ullam iure consequuntur quo possimus accusamus deleniti delectus atque totam corporis nihil, id impedit? Ipsa!Lorem ipsum dolor sit amet consectetur adipisicing elit. Nemo eos quam perferendis hic, consectetur dolorem ullam iure consequuntur quo possimus accusamus deleniti delectus atque totam corporis nihil, id impedit? Ipsa!Lorem ipsum dolor sit amet consectetur adipisicing elit. Nemo eos quam perferendis hic, consectetur dolorem ullam iure consequuntur quo possimus accusamus deleniti delectus atque totam corporis nihil, id impedit? Ipsa!Lorem ipsum dolor sit amet consectetur adipisicing elit. Nemo eos quam perferendis hic, consectetur dolorem ullam iure consequuntur quo possimus accusamus deleniti delectus atque totam corporis nihil, id impedit? Ipsa!Lorem ipsum dolor sit amet consectetur adipisicing elit. Nemo eos quam perferendis hic, consectetur dolorem ullam iure consequuntur quo possimus accusamus deleniti delectus atque totam corporis nihil, id impedit? Ipsa!", "is_active": true, "image": "products_images/product-51.jpg", "short_desc": "Lorem", "price": "0.00", "quantity": 30}}, {"model": "mainapp.product", "pk": 25, "fields": {"category": 0, "name": "Подушка", "description": "Lorem ipsum dolor sit amet consectetur adipisicing elit. Nemo eos quam perferendis hic, consectetur dolorem ullam iure consequuntur quo possimus accusamus deleniti delectus atque totam corporis nihil, id impedit? Ipsa!Lorem ipsum dolor sit amet consectetur adipisicing elit. Nemo eos quam perferendis hic, consectetur dolorem ullam iure consequuntur quo possimus accusamus deleniti delectus atque totam corporis nihil, id impedit? Ipsa!", "is_active": true, "image": "products_images/product-1-lg.jpg", "short_desc": "Lorem ipsum dolor sit amet consectetur adipisicing elit. Nem", "price": "0.00", "quantity": 3}}, {"model": "mainapp.product", "pk": 26, "fields": {"category": 1, "name": "Molesti", "description": "Lorem ipsum dolor sit amet consectetur adipisicing elit. Molestias aspernatur pariatur distinctio ullam porro enim quam dignissimos repellendus explicabo minus. Nobis ipsam temporibus soluta quos illum et placeat saepe voluptatem.\r\nLorem ipsum dolor sit amet consectetur adipisicing elit. Molestias aspernatur pariatur distinctio ullam porro enim quam dignissimos repellendus explicabo minus. Nobis ipsam temporibus soluta quos illum et placeat saepe voluptatem.", "is_active": true, "image": "products_images/wooden-rocking-chair.jpg", "short_desc": "Lorem ipsum dolor sit amet consectetur adipisicing elit. Mol", "price": "13330.00", "quantity": 0}}, {"model": "mainapp.product", "pk": 27, "fields": {"category": 1, "name": "Lorem", "description": "Lorem ipsum dolor sit amet consectetur adipisicing elit. Molestias aspernatur pariatur distinctio ullam porro enim quam dignissimos repellendus explicabo minus. Nobis ipsam temporibus soluta quos illum et placeat saepe voluptatem.\r\nLorem ipsum dolor sit amet consectetur adipisicing elit. Molestias aspernatur pariatur distinctio ullam porro enim quam dignissimos repellendus explicabo minus. Nobis ipsam temporibus soluta quos illum et placeat saepe voluptatem.", "is_active": true, "image": "products_images/white-chair-isolated-on-a-white-background-great-for-an-article-about-ho_sW0FXif.jpg", "short_desc": "Lorem ipsum dolor sit amet consectetur adipisicing elit. Mol", "price": "13450.00", "quantity": 0}}, {"model": "mainapp.product", "pk": 28, "fields": {"category": 1, "name": "ipsum dolor si", "description": "Lorem ipsum dolor sit amet consectetur adipisicing elit. Molestias aspernatur pariatur distinctio ullam porro enim quam dignissimos repellendus explicabo minus. Nobis ipsam temporibus soluta quos illum et placeat saepe voluptatem.\r\nLorem ipsum dolor sit amet consectetur adipisicing elit. Molestias aspernatur pariatur distinctio ullam porro enim quam dignissimos repellendus explicabo minus. Nobis ipsam temporibus soluta quos illum et placeat saepe voluptatem.\r\nLorem ipsum dolor sit amet consectetur adipisicing elit. Molestias aspernatur pariatur distinctio ullam porro enim quam dignissimos repellendus explicabo minus. Nobis ipsam temporibus soluta quos illum et placeat saepe voluptatem.\r\nLorem ipsum dolor sit amet consectetur adipisicing elit. Molestias aspernatur pariatur distinctio ullam porro enim quam dignissimos repellendus explicabo minus. Nobis ipsam temporibus soluta quos illum et placeat saepe voluptatem.\r\nLorem ipsum dolor sit amet consectetur adipisicing elit. Molestias aspernatur pariatur distinctio ullam porro enim quam dignissimos repellendus explicabo minus. Nobis ipsam temporibus soluta quos illum et placeat saepe voluptatem.\r\nLorem ipsum dolor sit amet consectetur adipisicing elit. Molestias aspernatur pariatur distinctio ullam porro enim quam dignissimos repellendus explicabo minus. Nobis ipsam temporibus soluta quos illum et placeat saepe voluptatem.", "is_active": true, "image": "products_images/linen-cushion-cover-in-white-on-a-chair.jpg", "short_desc": "Lorem ipsum dolor sit amet consectetur adipisicing elit. Mol", "price": "3250.00", "quantity": 3}}, {"model": "mainapp.product", "pk": 29, "fields": {"category": 1, "name": "Lorem ipsum", "description": "Lorem ipsum dolor sit amet consectetur adipisicing elit. Molestias aspernatur pariatur distinctio ullam porro enim quam dignissimos repellendus explicabo minus. Nobis ipsam temporibus soluta quos illum et placeat saepe voluptatem.\r\nLorem ipsum dolor sit amet consectetur adipisicing elit. Molestias aspernatur pariatur distinctio ullam porro enim quam dignissimos repellendus explicabo minus. Nobis ipsam temporibus soluta quos illum et placeat saepe voluptatem.", "is_active": true, "image": "products_images/closeup-of-a-simple-modern-chair-with-metallic-legs-in-a-room-with-gray-walls.jpg", "short_desc": "Lorem ipsum dolor sit amet consectetur adipisicing elit. Mol", "price": "0.00", "quantity": 3}}, {"model": "mainapp.product", "pk": 30, "fields": {"category": 1, "name": "КЕКек", "description": "Lorem ipsum dolor sit amet consectetur adipisicing elit. Molestias aspernatur pariatur distinctio ullam porro enim quam dignissimos repellendus explicabo minus. Nobis ipsam temporibus soluta quos illum et placeat saepe voluptatem.\r\nLorem ipsum dolor sit amet consectetur adipisicing elit. Molestias aspernatur pariatur distinctio ullam porro enim quam dignissimos repellendus explicabo minus. Nobis ipsam temporibus soluta quos illum et placeat saepe voluptatem.", "is_active": true, "image": "products_images/furniture-modern-studio-lifestyle-green.jpg", "short_desc": "Lorem ipsum dolor sit amet consectetur adipisicing elit. Mol", "price": "12330.00", "quantity": 241}}, {"model": "mainapp.product", "pk": 31, "fields": {"category": 2, "name": "TDttfft", "description": "Lorem ipsum dolor sit amet consectetur adipisicing elit. Molestias aspernatur pariatur distinctio ullam porro enim quam dignissimos repellendus explicabo minus. Nobis ipsam temporibus soluta quos illum et placeat saepe voluptatem.\r\nLorem ipsum dolor sit amet consectetur adipisicing elit. Molestias aspernatur pariatur distinctio ullam porro enim quam dignissimos repellendus explicabo minus. Nobis ipsam temporibus soluta quos illum et placeat saepe voluptatem.", "is_active": true, "image": "products_images/classic-brown-textile-armchair-in-interior-with-curtain-and-wooden-floor.jpg", "short_desc": "Lorem ipsum dolor sit amet consectetur adipisicing elit. Mol", "price": "3540.00", "quantity": 6}}, {"model": "mainapp.product", "pk": 32, "fields": {"category": 2, "name": "Tfdfwff", "description": "Lorem ipsum dolor sit amet consectetur adipisicing elit. Molestias aspernatur pariatur distinctio ullam porro enim quam dignissimos repellendus explicabo minus. Nobis ipsam temporibus soluta quos illum et placeat saepe voluptatem.\r\nLorem ipsum dolor sit amet consectetur adipisicing elit. Molestias aspernatur pariatur distinctio ullam porro enim quam dignissimos repellendus explicabo minus. Nobis ipsam temporibus soluta quos illum et placeat saepe voluptatem.\r\nLorem ipsum dolor sit amet consectetur adipisicing elit. Molestias aspernatur pariatur distinctio ullam porro enim quam dignissimos repellendus explicabo minus. Nobis ipsam temporibus soluta quos illum et placeat saepe voluptatem.", "is_active": true, "image": "products_images/decoration-livingroom-interior.jpg", "short_desc": "Lorem ipsum dolor sit amet consectetur adipisicing elit. Mol", "price": "5430.00", "quantity": 4}}, {"model": "mainapp.product", "pk": 33, "fields": {"category": 2, "name": "Ygedyfg hh", "description": "Lorem ipsum dolor sit amet consectetur adipisicing elit. Molestias aspernatur pariatur distinctio ullam porro enim quam dignissimos repellendus explicabo minus. Nobis ipsam temporibus soluta quos illum et placeat saepe voluptatem.\r\nLorem ipsum dolor sit amet consectetur adipisicing elit. Molestias aspernatur pariatur distinctio ullam porro enim quam dignissimos repellendus explicabo minus. Nobis ipsam temporibus soluta quos illum et placeat saepe voluptatem.", "is_active": true, "image": "products_images/brown-sofa-and-a-wooden-table-in-living-room-interior-with-plant-concrete-wall.jpg", "short_desc": "Lorem ipsum dolor sit amet consectetur adipisicing elit. Mol", "price": "3430.00", "quantity": 213}}, {"model": "mainapp.product", "pk": 34, "fields": {"category": 2, "name": "Rdet rgrgh", "description": "Lorem ipsum dolor sit amet consectetur adipisicing elit. Molestias aspernatur pariatur distinctio ullam porro enim quam dignissimos repellendus explicabo minus. Nobis ipsam temporibus soluta quos illum et placeat saepe voluptatem.\r\nLorem ipsum dolor sit amet consectetur adipisicing elit. Molestias aspernatur pariatur distinctio ullam porro enim quam dignissimos repellendus explicabo minus. Nobis ipsam temporibus soluta quos illum et placeat saepe voluptatem.", "is_active": true, "image": "products_images/industrial-living-room-interior-design-with-faux-leather-sofa.jpg", "short_desc": "Lorem ipsum dolor sit amet consectetur adipisicing elit. Mol", "price": "34550.00", "quantity": 0}}, {"model": "authapp.user", "pk": 1, "fields": {"password": "pbkdf2_sha256$216000$MAKelvTvt7Ti$HDWkow5Oq/pCmDg6ZhOxlMh/REpj3NnpyfOn5kS4uVc=", "last_login": "2022-05-21T18:27:19.873Z", "is_superuser": true, "username": "Glazochek", "first_name": "", "last_name": "", "email": "an9680411@gmail.com", "is_staff": true, "is_active": true, "date_joined": "2022-05-02T08:41:42.377Z", "image": "users_image/a6a5e9f3b14f7d898c43b1bbefac263d_cNO0j9y.jpg", "age": 18, "activation_key": "", "activation_key_expires": "2022-05-04T08:41:11.934Z", "groups": [], "user_permissions": []}}, {"model": "authapp.user", "pk": 3, "fields": {"password": "pbkdf2_sha256$216000$2c3uw7C1t0d5$o581yawY5sHii6rtHyMAqZrKY2sU4l4M6nN8cXekorU=", "last_login": "2022-05-21T14:45:13.609Z", "is_superuser": false, "username": "Kapibara", "first_name": "", "last_name": "", "email": "an0nlyclr@gmail.com", "is_staff": false, "is_active": true, "date_joined": "2022-05-14T10:25:29.814Z", "image": "", "age": 18, "activation_key": "e182e80e2d129deb672f88dce04e2c83869d14ac", "activation_key_expires": "2022-05-16T09:17:58.790Z", "groups": [], "user_permissions": []}}, {"model": "authapp.user", "pk": 4, "fields": {"password": "pbkdf2_sha256$216000$Cr6WbEoifmHI$xSJhaDq+obSVcbgKxuKXk412tz/C1YVpLAxtLTIQ86A=", "last_login": "2022-05-21T09:35:15.691Z", "is_superuser": false, "username": "Nika", "first_name": "Gezer", "last_name": "Nika Gezer", "email": "an9680411@gmail.com", "is_staff": false, "is_active": true, "date_joined": "2022-05-14T10:40:49.481Z", "image": "users_image/никуся_9AnLgFU.jpeg", "age": 18, "activation_key": "d65826c9c7be7cf9ea65bec4f6ad2aa193ad4e3e", "activation_key_expires": "2022-05-16T10:40:20.339Z", "groups": [], "user_permissions": []}}, {"model": "authapp.userprofile", "pk": 1, "fields": {"user": 1, "tagline": "", "gender": "M", "aboutMe": ""}}, {"model": "authapp.userprofile", "pk": 3, "fields": {"user": 3, "tagline": "", "gender": "", "aboutMe": ""}}, {"model": "authapp.userprofile", "pk": 4, "fields": {"user": 4, "tagline": "", "gender": "W", "aboutMe": ""}}, {"model": "basketapp.basket", "pk": 278, "fields": {"user": 4, "product": 19, "quantity": 1, "add_datetime": "2022-05-21T11:06:30.246Z"}}, {"model": "basketapp.basket", "pk": 279, "fields": {"user": 4, "product": 23, "quantity": 1, "add_datetime": "2022-05-21T11:06:31.021Z"}}, {"model": "basketapp.basket", "pk": 280, "fields": {"user": 4, "product": 24, "quantity": 1, "add_datetime": "2022-05-21T11:06:31.876Z"}}, {"model": "basketapp.basket", "pk": 281, "fields": {"user": 4, "product": 22, "quantity": 1, "add_datetime": "2022-05-21T11:06:32.618Z"}}, {"model": "basketapp.basket", "pk": 282, "fields": {"user": 4, "product": 25, "quantity": 1, "add_datetime": "2022-05-21T11:06:33.414Z"}}, {"model": "basketapp.basket", "pk": 295, "fields": {"user": 1, "product": 19, "quantity": 1, "add_datetime": "2022-05-21T19:49:50.385Z"}}, {"model": "basketapp.basket", "pk": 297, "fields": {"user": 1, "product": 24, "quantity": 1, "add_datetime": "2022-05-21T21:03:29.868Z"}}, {"model": "basketapp.basket", "pk": 302, "fields": {"user": 1, "product": 23, "quantity": 1, "add_datetime": "2022-05-23T19:04:36.617Z"}}, {"model": "basketapp.basket", "pk": 303, "fields": {"user": 1, "product": 22, "quantity": 1, "add_datetime": "2022-05-23T19:04:37.454Z"}}, {"model": "basketapp.basket", "pk": 304, "fields": {"user": 1, "product": 25, "quantity": 1, "add_datetime": "2022-05-23T19:04:39.062Z"}}, {"model": "basketapp.basket", "pk": 305, "fields": {"user": 1, "product": 29, "quantity": 1, "add_datetime": "2022-05-23T19:04:42.431Z"}}, {"model": "basketapp.basket", "pk": 306, "fields": {"user": 1, "product": 1, "quantity": 1, "add_datetime": "2022-05-23T19:04:43.487Z"}}, {"model": "basketapp.basket", "pk": 307, "fields": {"user": 1, "product": 20, "quantity": 1, "add_datetime": "2022-05-23T19:05:01.274Z"}}, {"model": "ordersapp.order", "pk": 1, "fields": {"user": 1, "created": "2022-05-10T14:52:54.060Z", "updated": "2022-05-10T14:57:40.827Z", "status": "FM", "is_active": true}}, {"model": "ordersapp.order", "pk": 2, "fields": {"user": 1, "created": "2022-05-10T14:53:09.245Z", "updated": "2022-05-10T18:53:44.767Z", "status": "FM", "is_active": true}}, {"model": "ordersapp.order", "pk": 3, "fields": {"user": 1, "created": "2022-05-10T17:54:54.269Z", "updated": "2022-05-10T18:53:21.690Z", "status": "FM", "is_active": true}}, {"model": "ordersapp.order", "pk": 4, "fields": {"user": 1, "created": "2022-05-10T21:09:44.305Z", "updated": "2022-05-10T21:09:44.326Z", "status": "FM", "is_active": true}}, {"model": "ordersapp.order", "pk": 5, "fields": {"user": 1, "created": "2022-05-10T21:10:16.868Z", "updated": "2022-05-21T15:01:38.545Z", "status": "FM", "is_active": false}}, {"model": "ordersapp.order", "pk": 6, "fields": {"user": 1, "created": "2022-05-13T14:00:12.163Z", "updated": "2022-05-21T15:01:34.389Z", "status": "STP", "is_active": true}}, {"model": "ordersapp.order", "pk": 7, "fields": {"user": 1, "created": "2022-05-13T14:04:51.021Z", "updated": "2022-05-21T06:49:20.536Z", "status": "FM", "is_active": false}}, {"model": "ordersapp.order", "pk": 8, "fields": {"user": 1, "created": "2022-05-14T07:39:56.337Z", "updated": "2022-05-21T08:55:41.482Z", "status": "STP", "is_active": true}}, {"model": "ordersapp.order", "pk": 9, "fields": {"user": 1, "created": "2022-05-14T22:08:37.753Z", "updated": "2022-05-21T09:09:14.861Z", "status": "FM", "is_active": false}}, {"model": "ordersapp.order", "pk": 10, "fields": {"user": 1, "created": "2022-05-14T22:09:48.531Z", "updated": "2022-05-21T09:07:00.972Z", "status": "STP", "is_active": true}}, {"model": "ordersapp.order", "pk": 11, "fields": {"user": 1, "created": "2022-05-15T07:18:17.414Z", "updated": "2022-05-21T06:33:06.932Z", "status": "FM", "is_active": false}}, {"model": "ordersapp.order", "pk": 12, "fields": {"user": 1, "created": "2022-05-18T17:20:46.567Z", "updated": "2022-05-21T08:08:33.973Z", "status": "FM", "is_active": false}}, {"model": "ordersapp.order", "pk": 13, "fields": {"user": 1, "created": "2022-05-18T17:23:18.720Z", "updated": "2022-05-21T06:32:59.889Z", "status": "FM", "is_active": false}}, {"model": "ordersapp.order", "pk": 14, "fields": {"user": 1, "created": "2022-05-21T06:00:49.383Z", "updated": "2022-05-21T07:51:11.914Z", "status": "STP", "is_active": true}}, {"model": "ordersapp.order", "pk": 15, "fields": {"user": 1, "created": "2022-05-21T06:49:58.739Z", "updated": "2022-05-21T06:49:58.764Z", "status": "FM", "is_active": false}}, {"model": "ordersapp.order", "pk": 16, "fields": {"user": 1, "created": "2022-05-21T08:02:02.463Z", "updated": "2022-05-21T09:05:57.362Z", "status": "STP", "is_active": true}}, {"model": "ordersapp.order", "pk": 17, "fields": {"user": 1, "created": "2022-05-21T08:09:46.793Z", "updated": "2022-05-21T08:09:46.818Z", "status": "FM", "is_active": false}}, {"model": "ordersapp.order", "pk": 18, "fields": {"user": 1, "created": "2022-05-21T08:21:51.803Z", "updated": "2022-05-21T08:21:51.823Z", "status": "FM", "is_active": false}}, {"model": "ordersapp.order", "pk": 19, "fields": {"user": 1, "created": "2022-05-21T09:05:40.140Z", "updated": "2022-05-21T09:05:40.158Z", "status": "FM", "is_active": false}}, {"model": "ordersapp.order", "pk": 20, "fields": {"user": 1, "created": "2022-05-21T09:09:09.723Z", "updated": "2022-05-21T09:09:09.743Z", "status": "FM", "is_active": false}}, {"model": "ordersapp.order", "pk": 21, "fields": {"user": 4, "created": "2022-05-21T09:44:23.467Z", "updated": "2022-05-21T09:46:49.139Z", "status": "STP", "is_active": true}}, {"model": "ordersapp.order", "pk": 22, "fields": {"user": 4, "created": "2022-05-21T09:44:34.114Z", "updated": "2022-05-21T09:44:34.132Z", "status": "FM", "is_active": false}}, {"model": "ordersapp.order", "pk": 23, "fields": {"user": 4, "created": "2022-05-21T10:11:44.983Z", "updated": "2022-05-21T10:11:44.993Z", "status": "FM", "is_active": true}}, {"model": "ordersapp.order", "pk": 24, "fields": {"user": 4, "created": "2022-05-21T10:35:14.196Z", "updated": "2022-05-21T10:35:14.215Z", "status": "FM", "is_active": true}}, {"model": "ordersapp.order", "pk": 25, "fields": {"user": 4, "created": "2022-05-21T10:40:14.256Z", "updated": "2022-05-21T10:40:14.271Z", "status": "FM", "is_active": true}}, {"model": "ordersapp.order", "pk": 26, "fields": {"user": 4, "created": "2022-05-21T10:40:43.222Z", "updated": "2022-05-21T10:40:43.239Z", "status": "FM", "is_active": true}}, {"model": "ordersapp.order", "pk": 27, "fields": {"user": 4, "created": "2022-05-21T11:02:42.898Z", "updated": "2022-05-21T11:02:42.913Z", "status": "FM", "is_active": true}}, {"model": "ordersapp.order", "pk": 28, "fields": {"user": 3, "created": "2022-05-21T14:52:07.540Z", "updated": "2022-05-21T14:52:07.557Z", "status": "FM", "is_active": true}}, {"model": "ordersapp.order", "pk": 29, "fields": {"user": 1, "created": "2022-05-21T15:01:25.924Z", "updated": "2022-05-21T15:01:25.953Z", "status": "FM", "is_active": false}}, {"model": "ordersapp.order", "pk": 30, "fields": {"user": 1, "created": "2022-05-21T19:38:21.985Z", "updated": "2022-05-21T19:38:22.007Z", "status": "FM", "is_active": true}}, {"model": "ordersapp.orderitem", "pk": 1, "fields": {"order": 1, "product": 2, "quantity": 1}}, {"model": "ordersapp.orderitem", "pk": 2, "fields": {"order": 2, "product": 8, "quantity": 12}}, {"model": "ordersapp.orderitem", "pk": 3, "fields": {"order": 3, "product": 16, "quantity": 10}}, {"model": "ordersapp.orderitem", "pk": 4, "fields": {"order": 3, "product": 17, "quantity": 25}}, {"model": "ordersapp.orderitem", "pk": 5, "fields": {"order": 3, "product": 15, "quantity": 2}}, {"model": "ordersapp.orderitem", "pk": 6, "fields": {"order": 3, "product": 8, "quantity": 1}}, {"model": "ordersapp.orderitem", "pk": 7, "fields": {"order": 3, "product": 1, "quantity": 1}}, {"model": "ordersapp.orderitem", "pk": 8, "fields": {"order": 4, "product": 2, "quantity": 9}}, {"model": "ordersapp.orderitem", "pk": 9, "fields": {"order": 4, "product": 13, "quantity": 1}}, {"model": "ordersapp.orderitem", "pk": 10, "fields": {"order": 4, "product": 5, "quantity": 1}}, {"model": "ordersapp.orderitem", "pk": 11, "fields": {"order": 4, "product": 4, "quantity": 2}}, {"model": "ordersapp.orderitem", "pk": 12, "fields": {"order": 4, "product": 19, "quantity": 5}}, {"model": "ordersapp.orderitem", "pk": 13, "fields": {"order": 4, "product": 16, "quantity": 1}}, {"model": "ordersapp.orderitem", "pk": 15, "fields": {"order": 6, "product": 19, "quantity": 1}}, {"model": "ordersapp.orderitem", "pk": 16, "fields": {"order": 6, "product": 20, "quantity": 1}}, {"model": "ordersapp.orderitem", "pk": 17, "fields": {"order": 6, "product": 5, "quantity": 1}}, {"model": "ordersapp.orderitem", "pk": 18, "fields": {"order": 6, "product": 6, "quantity": 1}}, {"model": "ordersapp.orderitem", "pk": 19, "fields": {"order": 6, "product": 1, "quantity": 1}}, {"model": "ordersapp.orderitem", "pk": 20, "fields": {"order": 6, "product": 2, "quantity": 1}}, {"model": "ordersapp.orderitem", "pk": 21, "fields": {"order": 6, "product": 4, "quantity": 1}}, {"model": "ordersapp.orderitem", "pk": 22, "fields": {"order": 7, "product": 19, "quantity": 1}}, {"model": "ordersapp.orderitem", "pk": 23, "fields": {"order": 7, "product": 20, "quantity": 1}}, {"model": "ordersapp.orderitem", "pk": 24, "fields": {"order": 7, "product": 5, "quantity": 1}}, {"model": "ordersapp.orderitem", "pk": 25, "fields": {"order": 7, "product": 6, "quantity": 1}}, {"model": "ordersapp.orderitem", "pk": 26, "fields": {"order": 7, "product": 4, "quantity": 1}}, {"model": "ordersapp.orderitem", "pk": 27, "fields": {"order": 7, "product": 2, "quantity": 1}}, {"model": "ordersapp.orderitem", "pk": 28, "fields": {"order": 8, "product": 1, "quantity": 13}}, {"model": "ordersapp.orderitem", "pk": 29, "fields": {"order": 8, "product": 20, "quantity": 1}}, {"model": "ordersapp.orderitem", "pk": 30, "fields": {"order": 9, "product": 20, "quantity": 12}}, {"model": "ordersapp.orderitem", "pk": 31, "fields": {"order": 9, "product": 1, "quantity": 8}}, {"model": "ordersapp.orderitem", "pk": 32, "fields": {"order": 9, "product": 2, "quantity": 5}}, {"model": "ordersapp.orderitem", "pk": 33, "fields": {"order": 9, "product": 6, "quantity": 6}}, {"model": "ordersapp.orderitem", "pk": 34, "fields": {"order": 9, "product": 5, "quantity": 3}}, {"model": "ordersapp.orderitem", "pk": 35, "fields": {"order": 9, "product": 4, "quantity": 3}}, {"model": "ordersapp.orderitem", "pk": 36, "fields": {"order": 9, "product": 10, "quantity": 1}}, {"model": "ordersapp.orderitem", "pk": 37, "fields": {"order": 9, "product": 11, "quantity": 3}}, {"model": "ordersapp.orderitem", "pk": 38, "fields": {"order": 10, "product": 19, "quantity": 1}}, {"model": "ordersapp.orderitem", "pk": 39, "fields": {"order": 11, "product": 19, "quantity": 1}}, {"model": "ordersapp.orderitem", "pk": 40, "fields": {"order": 11, "product": 1, "quantity": 1}}, {"model": "ordersapp.orderitem", "pk": 41, "fields": {"order": 12, "product": 29, "quantity": 3}}, {"model": "ordersapp.orderitem", "pk": 42, "fields": {"order": 12, "product": 19, "quantity": 18}}, {"model": "ordersapp.orderitem", "pk": 43, "fields": {"order": 12, "product": 24, "quantity": 26}}, {"model": "ordersapp.orderitem", "pk": 44, "fields": {"order": 12, "product": 22, "quantity": 18}}, {"model": "ordersapp.orderitem", "pk": 45, "fields": {"order": 12, "product": 31, "quantity": 5}}, {"model": "ordersapp.orderitem", "pk": 46, "fields": {"order": 12, "product": 10, "quantity": 3}}, {"model": "ordersapp.orderitem", "pk": 47, "fields": {"order": 12, "product": 33, "quantity": 3}}, {"model": "ordersapp.orderitem", "pk": 48, "fields": {"order": 12, "product": 32, "quantity": 3}}, {"model": "ordersapp.orderitem", "pk": 49, "fields": {"order": 12, "product": 11, "quantity": 3}}, {"model": "ordersapp.orderitem", "pk": 50, "fields": {"order": 12, "product": 2, "quantity": 1}}, {"model": "ordersapp.orderitem", "pk": 51, "fields": {"order": 12, "product": 28, "quantity": 3}}, {"model": "ordersapp.orderitem", "pk": 52, "fields": {"order": 12, "product": 5, "quantity": 6}}, {"model": "ordersapp.orderitem", "pk": 53, "fields": {"order": 12, "product": 1, "quantity": 2}}, {"model": "ordersapp.orderitem", "pk": 54, "fields": {"order": 12, "product": 20, "quantity": 3}}, {"model": "ordersapp.orderitem", "pk": 55, "fields": {"order": 12, "product": 6, "quantity": 1}}, {"model": "ordersapp.orderitem", "pk": 56, "fields": {"order": 13, "product": 2, "quantity": 10}}, {"model": "ordersapp.orderitem", "pk": 57, "fields": {"order": 14, "product": 19, "quantity": 13}}, {"model": "ordersapp.orderitem", "pk": 58, "fields": {"order": 14, "product": 20, "quantity": 3}}, {"model": "ordersapp.orderitem", "pk": 59, "fields": {"order": 14, "product": 29, "quantity": 1}}, {"model": "ordersapp.orderitem", "pk": 60, "fields": {"order": 14, "product": 2, "quantity": 1}}, {"model": "ordersapp.orderitem", "pk": 61, "fields": {"order": 14, "product": 28, "quantity": 2}}, {"model": "ordersapp.orderitem", "pk": 62, "fields": {"order": 14, "product": 5, "quantity": 1}}, {"model": "ordersapp.orderitem", "pk": 63, "fields": {"order": 14, "product": 25, "quantity": 2}}, {"model": "ordersapp.orderitem", "pk": 64, "fields": {"order": 14, "product": 22, "quantity": 3}}, {"model": "ordersapp.orderitem", "pk": 65, "fields": {"order": 14, "product": 23, "quantity": 6}}, {"model": "ordersapp.orderitem", "pk": 66, "fields": {"order": 14, "product": 4, "quantity": 1}}, {"model": "ordersapp.orderitem", "pk": 67, "fields": {"order": 14, "product": 24, "quantity": 3}}, {"model": "ordersapp.orderitem", "pk": 68, "fields": {"order": 15, "product": 19, "quantity": 1000000000}}, {"model": "ordersapp.orderitem", "pk": 69, "fields": {"order": 16, "product": 4, "quantity": 10}}, {"model": "ordersapp.orderitem", "pk": 70, "fields": {"order": 17, "product": 1, "quantity": 0}}, {"model": "ordersapp.orderitem", "pk": 71, "fields": {"order": 21, "product": 20, "quantity": 12}}, {"model": "ordersapp.orderitem", "pk": 72, "fields": {"order": 21, "product": 2, "quantity": 15}}, {"model": "ordersapp.orderitem", "pk": 73, "fields": {"order": 21, "product": 5, "quantity": 3}}, {"model": "ordersapp.orderitem", "pk": 74, "fields": {"order": 21, "product": 4, "quantity": 7}}, {"model": "ordersapp.orderitem", "pk": 75, "fields": {"order": 21, "product": 15, "quantity": 4}}, {"model": "ordersapp.orderitem", "pk": 76, "fields": {"order": 21, "product": 8, "quantity": 7}}, {"model": "ordersapp.orderitem", "pk": 77, "fields": {"order": 21, "product": 16, "quantity": 2}}, {"model": "ordersapp.orderitem", "pk": 78, "fields": {"order": 21, "product": 17, "quantity": 2}}, {"model": "ordersapp.orderitem", "pk": 79, "fields": {"order": 21, "product": 19, "quantity": 2}}, {"model": "ordersapp.orderitem", "pk": 80, "fields": {"order": 21, "product": 1, "quantity": 4}}, {"model": "ordersapp.orderitem", "pk": 81, "fields": {"order": 21, "product": 6, "quantity": 2}}, {"model": "ordersapp.orderitem", "pk": 82, "fields": {"order": 21, "product": 13, "quantity": 1}}, {"model": "ordersapp.orderitem", "pk": 83, "fields": {"order": 21, "product": 10, "quantity": 1}}, {"model": "ordersapp.orderitem", "pk": 84, "fields": {"order": 21, "product": 11, "quantity": 1}}, {"model": "ordersapp.orderitem", "pk": 85, "fields": {"order": 21, "product": 18, "quantity": 1}}, {"model": "ordersapp.orderitem", "pk": 86, "fields": {"order": 21, "product": 23, "quantity": 1}}, {"model": "ordersapp.orderitem", "pk": 87, "fields": {"order": 23, "product": 4, "quantity": 10}}, {"model": "ordersapp.orderitem", "pk": 88, "fields": {"order": 24, "product": 23, "quantity": 1}}, {"model": "ordersapp.orderitem", "pk": 89, "fields": {"order": 24, "product": 24, "quantity": 1}}, {"model": "ordersapp.orderitem", "pk": 90, "fields": {"order": 24, "product": 22, "quantity": 1}}, {"model": "ordersapp.orderitem", "pk": 91, "fields": {"order": 24, "product": 25, "quantity": 1}}, {"model": "ordersapp.orderitem", "pk": 92, "fields": {"order": 25, "product": 2, "quantity": 10}}, {"model": "ordersapp.orderitem", "pk": 93, "fields": {"order": 26, "product": 2, "quantity": 10}}, {"model": "ordersapp.orderitem", "pk": 94, "fields": {"order": 27, "product": 4, "quantity": 10}}, {"model": "ordersapp.orderitem", "pk": 95, "fields": {"order": 28, "product": 19, "quantity": 1}}, {"model": "ordersapp.orderitem", "pk": 96, "fields": {"order": 28, "product": 23, "quantity": 1}}, {"model": "ordersapp.orderitem", "pk": 97, "fields": {"order": 28, "product": 22, "quantity": 1}}, {"model": "ordersapp.orderitem", "pk": 98, "fields": {"order": 28, "product": 25, "quantity": 1}}, {"model": "ordersapp.orderitem", "pk": 99, "fields": {"order": 29, "product": 24, "quantity": 1}}, {"model": "ordersapp.orderitem", "pk": 100, "fields": {"order": 30, "product": 19, "quantity": 1}}, {"model": "ordersapp.orderitem", "pk": 101, "fields": {"order": 30, "product": 24, "quantity": 1}}, {"model": "ordersapp.orderitem", "pk": 102, "fields": {"order": 30, "product": 11, "quantity": 1}}, {"model": "ordersapp.orderitem", "pk": 103, "fields": {"order": 30, "product": 32, "quantity": 1}}, {"model": "ordersapp.orderitem", "pk": 104, "fields": {"order": 30, "product": 10, "quantity": 1}}, {"model": "ordersapp.orderitem", "pk": 105, "fields": {"order": 30, "product": 31, "quantity": 4}}]